accuracy,precision,recall,fmeasure
0.8421641791044776,0.8421641791044776,0.8421641791044776,0.8421641791044776
0.9547169811320755,0.9547169811320755,0.9547169811320755,0.9547169811320755
0.9678792569659442,0.9678792569659442,0.9678792569659442,0.9678792569659441
0.9267241379310345,0.9267241379310345,0.9267241379310345,0.9267241379310345
